Date,Open,Close,High,Low,Volume
2015-10-09,4209,4209,4219,4133.5,991854
2015-10-12,4198.5,4180,4206.5,4154,558460
2015-10-13,4172,4141,4187,4116.5,910524
2015-10-14,4110,4061,4110,4052.5,817526
2015-10-15,4081,4117,4130,4073,867805
2015-10-16,4135,4144,4151.5,4043,1158311
2015-10-19,4144,4153,4181.5,4141,1046536
2015-10-20,4142,4028.5,4159,4021.5,1153891
2015-10-21,4014,3946.5,4014,3931,1292327
2015-10-22,3972,4008.5,4018,3952,1327161
2015-10-23,4029.5,4069.5,4096,4004.5,822852
2015-10-26,4080.25,4094.5,4122.5,4064,693926
2015-10-27,4079.5,4081,4109.5,4039.5,691886
2015-10-28,4087.5,4190.5,4199,4087.5,992677
2015-10-29,4169,4190.5,4212,4142.5,708002
2015-10-30,4187.5,4141,4210.5,4136,683142
2015-11-02,4110.5,4155.5,4157,4096,671836
2015-11-03,4180.5,4154.5,4189,4148,581744
2015-11-04,4175,4120,4202,4116,855821
2015-11-05,4190,4249.5,4314,4182.5,1500543
2015-11-06,4257,4222,4260.5,4191.5,981513
2015-11-09,4221,4157.5,4231,4152,741438
2015-11-10,4162,4147,4179,4144.5,698959
2015-11-11,4165,4202.5,4219,4140.5,565755
2015-11-12,4182,4081.5,4182,4078,1001564
2015-11-13,4051,4089,4098.5,4000,989318
2015-11-16,4059,4250,4271.5,4051,1675870
2015-11-17,4265,4393.5,4395,4265,1242181
2015-11-18,4390,4409,4409,4324,1122886
2015-11-19,4416.5,4430,4467,4407.75,1224188
2015-11-20,4438,4498,4500,4433,895708
2015-11-23,4492,4495,4514.5,4470,971252
2015-11-24,4474.5,4466.5,4480,4441,1051273
2015-11-25,4487,4497.5,4504.5,4455,797323
2015-11-26,4500,4521.5,4541.5,4485.5,425072
2015-11-27,4506.5,4517.5,4525,4483,469135
2015-11-30,4508,4505.5,4532.5,4496.5,704959
2015-12-01,4523.5,4521,4542.5,4500.5,796575
2015-12-02,4569.5,4588,4627.5,4555,1126270
2015-12-03,4588,4481.5,4622,4468.5,1400536
2015-12-04,4448,4432,4459.5,4409,1021852
2015-12-07,4429.5,4483,4534,4429.5,567777
2015-12-08,4487.5,4444.5,4516.5,4439,620377
2015-12-09,4444,4411,4461.5,4408.5,745356
2015-12-10,4408.5,4384,4427,4374,856979
2015-12-11,4377.5,4342,4399,4325,1198061
2015-12-14,4340,4284.5,4367,4280,1185280
2015-12-15,4316.5,4394.5,4411.5,4301,645537
2015-12-16,4392.5,4411.5,4448,4378,745859
2015-12-17,4498,4441,4518.5,4430,819537
2015-12-18,4419,4370.5,4433,4366,1173251
2015-12-21,4374.5,4374.5,4435,4367.5,520061
2015-12-22,4389.5,4397,4407,4335,613168
2015-12-23,4438,4515.5,4522,4437.5,564371
2015-12-24,4513,4550,4550.5,4501.5,136432
2015-12-29,4578.5,4615,4617,4556.5,520693
2015-12-30,4618.5,4615.5,4634.5,4598.5,483759
2015-12-31,4627.5,4622.5,4627.5,4594,156975
2016-01-04,4563.25,4470,4564.5,4464,972100
2016-01-05,4498,4561,4577,4457.5,1043527
2016-01-06,4555,4514,4572,4469,877451
2016-01-07,4445,4382,4481,4361.25,1293318
2016-01-08,4397.5,4362,4442,4360,961410
2016-01-11,4337,4260,4348,4260,968345
2016-01-12,4270.5,4318.5,4361.5,4255.5,842507
2016-01-13,4359.5,4395.5,4427,4359.5,940165
2016-01-14,4350.5,4331,4352.5,4249.5,1088094
2016-01-15,4319,4218,4341.5,4181.5,1238796
2016-01-18,4219.5,4213.5,4282.5,4204.5,532133
2016-01-19,4281.5,4305.5,4340.5,4266.25,686284
2016-01-20,4236,4223.5,4258.5,4190.5,948203
2016-01-21,4295.5,4268,4338,4243.5,1460758
2016-01-22,4325,4377.5,4395,4304,1086976
2016-01-25,4392,4444.5,4454.5,4377,1202008
2016-01-26,4352.5,4415,4426,4323,1088330
2016-01-27,4419,4457.5,4472.5,4388,980834
2016-01-28,4430.5,4336.5,4465,4294,1457000
2016-01-29,4383.5,4472.5,4485,4370.5,1135076
2016-02-01,4497,4496,4541.5,4414.5,917826
2016-02-02,4491,4493,4513,4472,1138771
2016-02-03,4473,4412.5,4518.5,4395.5,1513752
2016-02-04,4360,4143,4366.5,4053.5,2574575
2016-02-05,4152,4107.5,4196.5,4096,2371273
2016-02-08,4128,3911.5,4128,3902.5,2437722
2016-02-09,3923,3928,3979.5,3882,1776815
2016-02-10,3954,3999.5,4020,3912.5,1267546
2016-02-11,3981,4001.5,4070.5,3935,1773434
2016-02-12,4018.5,4039.5,4039.5,3979.5,985374
2016-02-15,4113,4167,4175,4093,647230
2016-02-16,4171.5,4177,4196.5,4100.75,1003451
2016-02-17,4197,4277,4296.5,4191,924434
2016-02-18,4301,4125,4301,4089.5,1193434
2016-02-19,4135.5,4069,4139,4056.5,878704
2016-02-22,4117.5,4145,4159.5,4105,609044
2016-02-23,4122.5,4131.5,4170.5,4093.5,591830
2016-02-24,4148,4088,4168.5,4076.5,824528
2016-02-25,4118.5,4206,4208,4118.5,735084
2016-02-26,4242.25,4210,4248,4170.5,630989
2016-02-29,4185,4094.5,4193,4083.5,1001990
2016-03-01,4117.5,4086,4122.5,4043,1120361
2016-03-02,4121,4069,4135.5,4049,1152448
2016-03-03,4088.5,3990,4099,3986,771220
2016-03-04,4031.5,4019,4043.5,3997.5,885423
2016-03-07,4015.5,4012.5,4036,3989.5,636921
2016-03-08,4001,4053.5,4077,3977.5,823052
2016-03-09,4070.5,4081.5,4101.5,4036,605594
2016-03-10,4077.5,4022,4126.5,4017.5,1066316
2016-03-11,4074.5,4040,4098.5,4027,846818
2016-03-14,4063.5,4052,4070.5,4045.5,872968
2016-03-15,4044.5,4027,4059.5,3994,879362
2016-03-16,4018.5,4003,4019.5,3962,801567
2016-03-17,4019.5,3938,4022,3930.5,902907
2016-03-18,3941.5,3894,3965.5,3884.5,723975
2016-03-21,3903,3904,3939,3886.5,893382
2016-03-22,3897,3923,3925,3842,1243416
2016-03-23,3900.5,3953.5,3963,3883,808698
2016-03-24,3930,3920,3939,3897,575422
2016-03-29,3914,3907,3955,3874.5,672684
2016-03-30,3944.5,3913.25,3956.5,3900.25,739487
2016-03-31,3907.5,3902,3925,3893.5,561778
2016-04-01,3867.5,3928.5,3933,3830.5,977304
2016-04-04,3930.5,3968.5,4008,3920.5,629021
2016-04-05,3946.5,3948,3970,3921,855219
2016-04-06,3973,4127.5,4128.5,3966.5,1181622
2016-04-07,4163,4172,4241.5,4157.5,1424764
2016-04-08,4183.5,4143,4191,4123.5,709841
2016-04-11,4149,4075,4149,4071,872998
2016-04-12,4018.5,4053,4058,3992.5,838270
2016-04-13,4094,4094.5,4107,4072.5,734665
2016-04-14,4115,4142,4165.5,4107,577856
2016-04-15,4150,4145,4165.5,4131,605649
2016-04-18,4125,4173,4181,4117,607511
2016-04-19,4167,4161.25,4190.5,4149,958180
2016-04-20,4140,4147,4147.5,4105,681965
2016-04-21,4146,4163,4163,4092.25,774484
2016-04-22,4145,4108.5,4170.5,4101.5,452460
2016-04-25,4122,4082.5,4128,4076.5,555307
2016-04-26,4090,4003.5,4106.5,3999,824679
2016-04-27,3991.5,3991.5,4004.5,3958.5,977406
2016-04-28,3963.5,3964,3972.5,3903,919360
2016-04-29,3949,3941,4080,3933.5,1108693
2016-05-03,3911.5,3914.5,3933,3830.5,1345050
2016-05-04,3902,3826.5,3909.5,3824,1324382
2016-05-05,3834,3801,3865,3800.5,741388
2016-05-06,3801.5,3797,3825.5,3773,1030034
2016-05-09,3822,3945,3954,3819,1203187
2016-05-10,3976.5,3926,3986,3918,816356
2016-05-11,3927.5,3936.5,3951.5,3903,810098
2016-05-12,3902.5,3878.5,3951.5,3874.5,827405
2016-05-13,3854.5,3935.5,3938,3844,920005
2016-05-16,3919,3912.5,3926,3887,935337
2016-05-17,3960.5,3929,3963,3924.5,1045335
2016-05-18,3918,3900.5,3937,3883,922477
2016-05-19,3882.5,3816.5,3885.5,3812,725706
2016-05-20,3839,3894,3897,3836.5,1180343
2016-05-23,3900,3903.5,3921,3860.5,630796
2016-05-24,3888,3961.5,3964.5,3879.5,777217
2016-05-25,3994.5,4013,4020.5,3976,793600
2016-05-26,4010.5,4007,4024.5,3976,665430
2016-05-27,4007,4015,4024.5,3964,926304
2016-05-31,4044.5,4032,4070.5,4020.5,988028
2016-06-01,4022.5,4011.5,4048.5,3987.5,778963
2016-06-02,4023.5,4011.5,4034.5,4001,638506
2016-06-03,4053,4039,4087,4005,891539
2016-06-06,4042,4077,4088.5,4036,648282
2016-06-07,4071.5,4047.5,4101,4032,961793
2016-06-08,4032.5,4034,4065.5,4009,668193
2016-06-09,4015.5,3952.5,4021,3946.5,854474
2016-06-10,3947.5,3846.5,3953.5,3829.5,1356593
2016-06-13,3836.5,3826.5,3872.5,3821.5,1672850
2016-06-14,3825,3771,3831.5,3759.5,1580445
2016-06-15,3789,3821,3855.5,3782.5,1136006
2016-06-16,3775,3820.5,3826,3772.5,980960
2016-06-17,3831,3789,3858.5,3789,1018312
2016-06-20,3856.5,3849,3903.5,3841.5,1202126
2016-06-21,3837.5,3880,3889,3821,884507
2016-06-22,3877,3905,3926,3848,1246594
2016-06-23,3907.5,3894,3929,3854.5,980916
2016-06-24,3708,4052,4094,3680.5,3317321
2016-06-27,3998.25,4115,4177.5,3997.5,2863259
2016-06-28,4218,4264.5,4284.5,4174,2521597
2016-06-29,4301,4367.5,4376,4283,1557894
2016-06-30,4376,4443,4453,4287.5,1843426
2016-07-01,4467,4506,4513,4393,1667705
2016-07-04,4509.5,4479.5,4530.5,4476.5,503718
2016-07-05,4507,4554,4563,4477.5,1441038
2016-07-06,4546.5,4558,4572,4502,1340834
2016-07-07,4573.5,4602,4617,4553,985340
2016-07-08,4587.5,4588,4613.5,4494.5,1116834
2016-07-11,4590.5,4550,4594,4510.5,1410112
2016-07-12,4569,4467.5,4569.5,4445,1527882
2016-07-13,4463.5,4521,4529,4458,1436101
2016-07-14,4524.5,4468,4575.5,4462.5,1156668
2016-07-15,4475,4494.5,4509.5,4461.5,570381
2016-07-18,4510,4525,4549,4499,783901
2016-07-19,4525,4533,4559,4504.25,661525
2016-07-20,4552.5,4584.5,4587,4542.5,641347
2016-07-21,4562,4530.5,4574.5,4526,484579
2016-07-22,4549,4609.5,4616,4527.5,1098314
2016-07-25,4639.5,4657,4687.5,4636,1290203
2016-07-26,4674.5,4645,4694.5,4628.5,1120237
2016-07-27,4658.5,4691.5,4702,4640,1095699
2016-07-28,4664.5,5040,5051.5,4637.5,2580288
2016-07-29,5075,5048,5113,4918.5,1710422
2016-08-01,5078,5066,5099,4988,700075
2016-08-02,5063,5004,5085,5001.5,894395
2016-08-03,5018,5019,5035,4966.5,933944
2016-08-04,5029,5149,5150,4985.5,1109546
2016-08-05,5137,5217,5505,5053,3030784
2016-08-08,5187,5193,5268,5117,1467549
2016-08-09,5184,5178,5206,5113,936265
2016-08-10,5149,5144,5178,5114,909465
2016-08-11,5118,5148,5153,5103,834200
2016-08-12,5141,5114,5162,5086,626818
2016-08-15,5105,5155,5175,5097,884911
2016-08-16,5138,5109,5140,5079,977681
2016-08-17,5086,5067,5126,5056,706113
2016-08-18,5080,5038,5093,5008,592812
2016-08-19,5060,5051,5085,5035,422192
2016-08-22,5034,5084,5104,5029,512553
2016-08-23,5106,5069,5119,5062,593541
2016-08-24,5049,5071,5139,5011,973066
2016-08-25,5022,5011,5032,4927.5,968465
2016-08-26,5004,4962,5004,4941.5,743715
2016-08-30,4987,5001,5009,4971.5,713817
2016-08-31,4991.5,4921,4991.5,4897.5,1005850
2016-09-01,4926.25,4822.5,4936,4798,957161
2016-09-02,4833,4962.5,4966.5,4833,1083708
2016-09-05,4952,4909,4968,4886,569796
2016-09-06,4914,4864,4919,4863,679861
2016-09-07,4858,4868,4886,4836.5,649350
2016-09-08,4888,4866.5,4919,4831.5,878677
2016-09-09,4856.5,4822,4881,4812.5,593433
2016-09-12,4803.5,4861.5,4862,4777.5,721684
2016-09-13,4858.5,4865.5,4923.5,4858.5,840264
2016-09-14,4888,4956.5,4973,4874,944481
2016-09-15,4942.5,4993.5,4995,4884,944548
2016-09-16,4991.5,5094,5136,4914,1153561
2016-09-19,5116,5076,5140,5058,740050
2016-09-20,5080,5117,5182,5070,612441
2016-09-21,5131,5075,5139,5061,532707
2016-09-22,5096.5,5158,5185,5073,667882
2016-09-23,5149,5180,5197,5108.5,823870
2016-09-26,5144,5104,5144,5100,557527
2016-09-27,5119,5063,5137,5007,976690
2016-09-28,5073,5118,5160,5058,687790
2016-09-29,5118,5015,5128,5007,828261
2016-09-30,5009,5010,5021,4947.5,846244
2016-10-03,5023,5043,5083.5,5006,638586
2016-10-04,5015,5055,5134,4982.5,1474031
2016-10-05,5045,5043,5057,4993,805891
2016-10-06,5048.5,5037,5057,4992,603593
2016-10-07,5031,5091,5106,5023,907052
2016-10-10,5084,5107,5119,5053,744882
2016-10-11,5091,5047,5107,5025,823191
2016-10-12,5037,4955,5042,4950,992095
2016-10-13,4949.5,4957,4972,4893,772878
2016-10-14,4950,4943.5,4976,4928,968073
2016-10-17,4934.5,4973.5,5035,4873,1744042
2016-10-18,4980.5,5008,5039,4972,862405
2016-10-19,5011,4944.5,5011,4933,656379
2016-10-20,4934.25,4971.5,5003,4930,742556
2016-10-21,4972,4945.5,4988,4934.5,740507
2016-10-24,4945,4852,4962,4835.5,1212608
2016-10-25,4845.5,4807,4877,4781,1409492
2016-10-26,4817.5,4777.5,4818,4725,1193419
2016-10-27,4763.5,4616,4874,4517,3126504
2016-10-28,4586.5,4614,4638,4534.5,2033606
2016-10-31,4640,4591,4641,4585,812950
2016-11-01,4580,4501,4585,4497,1328358
2016-11-02,4495.5,4527.5,4588,4490.5,1089240
2016-11-03,4489.5,4431.5,4543.5,4429,932653
2016-11-04,4362.5,4370,4412,4346,788382
2016-11-07,4409,4423.5,4430,4373.5,698618
2016-11-08,4427,4446.5,4486.5,4418,993483
2016-11-09,4503.5,4562,4682,4482,2221496
2016-11-10,4567,4412.5,4596,4299,2685955
2016-11-11,4364.5,4323,4364.5,4270.5,1149037
2016-11-14,4379.5,4366.5,4428.5,4330.5,1035649
2016-11-15,4352.5,4359.5,4378.5,4332,760635
2016-11-16,4372,4355,4373,4309.5,1271173
2016-11-17,4343.5,4340,4356.5,4317.5,919733
2016-11-18,4355,4332,4367.25,4274,715704
2016-11-21,4336.5,4317.5,4356,4298.5,593588
2016-11-22,4365.5,4210,4399.5,4208.5,1136250
2016-11-23,4223.5,4159,4226.5,4114.5,1359706
2016-11-24,4180,4204.5,4206,4142.75,661884
2016-11-25,4219,4300,4331.5,4219,1006854
2016-11-28,4280.5,4246,4290.5,4232,687030
2016-11-29,4252,4247.5,4255.5,4215,719977
2016-11-30,4238,4144.5,4256,4144.5,1194955
2016-12-01,4092.5,4089,4127,4052.5,1159555
2016-12-02,4060.5,4060,4078.5,3999,1331093
2016-12-05,4027.5,4048,4081.5,4019,959351
2016-12-06,4036,4035.5,4065.5,3998,1137430
2016-12-07,4063,4009.5,4146.5,4006.5,1891753
2016-12-08,4027.5,4109.5,4117,4011,1363148
2016-12-09,4154,4286,4414.25,4134.5,2430487
2016-12-12,4259,4204,4275.5,4176,1073650
2016-12-13,4186.5,4315,4315.5,4174,1147165
2016-12-14,4308,4306.5,4327,4287,1185469
2016-12-15,4337.75,4400,4407,4329.5,1149832
2016-12-16,4416.5,4401.5,4473.5,4395,963630
2016-12-19,4399.5,4308,4425,4305.5,1520201
2016-12-20,4308,4324.5,4361.5,4308,807539
2016-12-21,4307.5,4311,4348,4292,1036605
2016-12-22,4317,4345,4364.5,4314.5,900247
2016-12-23,4363.5,4412,4418,4319,328685
2016-12-27,4363.5,4412,4418,4319,328685
2016-12-28,4395.5,4422.5,4453.5,4317.5,838229
2016-12-29,4373,4419.5,4429.5,4354,745407
2016-12-30,4417.5,4420.5,4427.5,4396.5,211072
2017-01-02,4417.5,4420.5,4427.5,4396.5,211072
2017-01-03,4423.5,4441.5,4468,4402,1215751
2017-01-04,4450.5,4467,4498.5,4443.5,890846
2017-01-05,4480,4541,4544.5,4477.75,1094038
2017-01-06,4560.5,4552,4581.5,4543,776244
2017-01-09,4563.5,4601,4613.5,4563.5,876676
2017-01-10,4644.5,4658,4668.5,4633,1236015
2017-01-11,4653,4579.75,4666,4562.5,1317168
2017-01-12,4557,4556.5,4561,4486.5,1569602
2017-01-13,4574,4605.5,4628,4571.5,1123555
2017-01-16,4624,4572,4657,4566,498428
2017-01-17,4554.5,4532,4618.5,4529,1150307
2017-01-18,4544,4575.5,4600,4544,944372
2017-01-19,4542.5,4471,4561.5,4464.25,1118387
2017-01-20,4557.5,4317,4557.5,4297.5,2272678
2017-01-23,4295.5,4252,4302.5,4245.5,1230737
2017-01-24,4269.5,4210,4305.5,4198,994261
2017-01-25,4263.5,4270,4292.25,4226.5,1377337
2017-01-26,4279.5,4302.5,4345.5,4262,975291
2017-01-27,4209,4250,4260.5,4139,1429735
2017-01-30,4227.5,4252.5,4265.5,4219.5,947344
2017-01-31,4262.5,4210.5,4263,4167,1308357
2017-02-01,4263.5,4247.5,4294.75,4237.5,1471046
2017-02-02,4239,4279.5,4291.5,4150,1148643
2017-02-03,4291.5,4362,4387,4282,1299254
2017-02-06,4399,4385.5,4400,4352,958268
2017-02-07,4409,4441,4487.5,4404,1107403
2017-02-08,4437.5,4477.5,4483,4415,1201349
2017-02-09,4500.5,4575,4588.5,4492,1209249
2017-02-10,4607,4622.5,4663,4586,1014712
2017-02-13,4636.5,4653.5,4680.5,4627,620390
2017-02-14,4644,4632,4663.5,4582.5,996002
2017-02-15,4663.5,4692,4698,4642.5,809541
2017-02-16,4545.5,4524,4563.5,4497,1249450
2017-02-17,4549,4591,4643,4536.5,1427389
2017-02-20,4608.5,4570,4613,4542,601409
2017-02-21,4566.5,4562,4602.5,4558.5,895729
2017-02-22,4561,4558,4562.5,4495,1123615
2017-02-23,4568,4599.5,4617.5,4560,1108798
2017-02-24,4601.5,4615.5,4625,4568.5,850716
2017-02-27,4630,4611.5,4663,4599,675164
2017-02-28,4630,4658.5,4683.5,4630,1172159
2017-03-01,4649,4667,4668.5,4601.5,1296144
2017-03-02,4713.5,4743,4748.5,4684,1268223
2017-03-03,4753.5,4774.5,4797.5,4734.5,1225285
2017-03-06,4775.75,4760,4787,4756,609217
2017-03-07,4761.5,4716.5,4777.5,4688.5,896550
2017-03-08,4742.5,4769.5,4780,4699.5,1002047
2017-03-09,4748,4765,4771,4713,747806
2017-03-10,4774,4768,4790,4757.5,887755
2017-03-13,4773,4811,4824.5,4763,808209
2017-03-14,4835,4858.5,4883,4827.5,794242
2017-03-15,4887,4850.5,4887.5,4841.5,972698
2017-03-16,4858.5,4864.5,4885.5,4829.5,878729
2017-03-17,4826,4883.5,4892,4826,1140248
2017-03-20,4891.5,4898.5,4911,4859.5,664005
2017-03-21,4893,4827.5,4894.5,4822.5,928785
2017-03-22,4797,4852,4879,4794.5,838035
2017-03-23,4862.5,4955.5,4971,4855,1534695
2017-03-24,4948,4923,4958,4896,903016
2017-03-27,4908.5,4973,4979,4864.5,878450
2017-03-28,4971.75,4959,4988,4940.5,914018
2017-03-29,4944,4953,4974.5,4935.5,553861
2017-03-30,4964.5,4926,4978.25,4916,722636
2017-03-31,4912.5,4922,4936.5,4901.5,691609
2017-04-03,4912.5,4917,4930,4886.75,848287
2017-04-04,4913,4950,4983.5,4910,1133049
2017-04-05,4938.25,4857.5,4938.5,4850,1071852
2017-04-06,4800.5,4798,4814.5,4772.5,898483
2017-04-07,4774.5,4795.5,4819,4759.5,933671
2017-04-10,4795.5,4740,4795.5,4726,844454
2017-04-11,4748.5,4754,4786.5,4734.5,562546
2017-04-12,4739.5,4736,4785.5,4729.5,543272
2017-04-13,4734.5,4737.5,4742.5,4697.5,665794
2017-04-18,4745.5,4600,4747.5,4586,851096
2017-04-19,4584,4598,4631,4583.5,986751
2017-04-20,4590,4594.5,4615.5,4580.5,761106
2017-04-21,4576.5,4570,4593.5,4520.5,786202
2017-04-24,4629.5,4662,4667,4608.5,786280
2017-04-25,4666,4692.5,4729,4634,908408
2017-04-26,4672,4691,4708.5,4669,751037
2017-04-27,4675.5,4689,4696,4604,988499
2017-04-28,4702,4641,4705,4614,659559
2017-05-02,4640,4655,4669,4600.5,904323
2017-05-03,4651.5,4658.5,4681.5,4616,811154
2017-05-04,4668.5,4658,4688.5,4627.5,855739
2017-05-05,4648.5,4612,4651,4602.5,994244
2017-05-08,4611,4601,4632.25,4597.5,836349
2017-05-09,4595,4708,4711.5,4595,780104
2017-05-10,4687.5,4711.5,4734,4687.5,831750
2017-05-11,4707.5,4742.5,4757.5,4686,916311
2017-05-12,4876,5149,5201,4876,2826635
2017-05-15,5203,5194,5249,5158,1030530
2017-05-16,5191,5253,5265,5145,886688
2017-05-17,5234,5245,5275,5222,671088
2017-05-18,5240,5142,5270,5141,1000382
2017-05-19,5180,5120,5224,5116,906963
2017-05-22,5125,5125,5153,5103,921088
2017-05-23,5137,5145,5174,5118,513988
2017-05-24,5162,5178,5217,5160,813118
2017-05-25,5203,5208,5219,5180,500155
2017-05-26,5222,5232,5259,5215,551781
2017-05-30,5200,5206,5233,5170,536648
2017-05-31,5227,5235,5266,5227,1014954
2017-06-01,5260,5320,5333,5258,907028
2017-06-02,5350,5354,5394,5340,658890
2017-06-05,5377,5332,5392,5319,796038
2017-06-06,5305,5355,5373,5292,475703
2017-06-07,5324,5295,5354,5265,791589
2017-06-08,5295.5,5310,5347,5295.5,763764
2017-06-09,5331,5332,5419,5300.5,754186
2017-06-12,5304,5284,5304,5264,753518
2017-06-13,5298,5271,5308,5253,474837
2017-06-14,5265,5315,5341,5254,485308
2017-06-15,5294,5284,5301,5222,404914
2017-06-16,5300,5282,5321.5,5265,612240
2017-06-19,5307,5349,5358,5282,405928
2017-06-20,5353,5425,5444,5330,590117
2017-06-21,5429,5408,5440,5346,557566
2017-06-22,5419,5516,5519.5,5378,655383
2017-06-23,5475,5410,5476,5400,720358
2017-06-26,5417,5435,5519,5408,857880
2017-06-27,5419,5346,5423,5330,663031
2017-06-28,5318,5247,5325,5230,555373
2017-06-29,5225,5168,5243,5132,704749
2017-06-30,5151,5132.5,5205,5111,525350
2017-07-03,5144,5158,5172,5111,554514
2017-07-04,5144,5125,5154,5106,235450
2017-07-05,5116,5190,5201,5081,457889
2017-07-06,5188,5104,5194.5,5095,478054
2017-07-07,5096,5127,5159,5078,405402
2017-07-10,5155,5134,5196,5132,465436
2017-07-11,5120,5084,5120,5032,775616
2017-07-12,5083,5189,5194,5071,617079
2017-07-13,5008,5011,5060,4932,1697386
2017-07-14,4909.5,4980,4994.5,4889,1193286
2017-07-17,5054,5046,5107,5017,600012
2017-07-18,5044,5077,5117,5022,822497
2017-07-19,5068,5065,5104,5028,420099
2017-07-20,5063,5124,5131,5061,501804
2017-07-21,5185,5155,5185,5120,620265
2017-07-24,5154,5084,5154,5056,729345
2017-07-25,5110,5085,5154,5076,378337
2017-07-26,5081,5110,5139,5073,652418
2017-07-27,4500,4309.5,4500,4260.5,4929092
2017-07-28,4395,4455,4491.5,4318.5,1698459
2017-07-31,4560.5,4564.5,4621,4526.5,1191130
2017-08-01,4576,4486,4590.5,4454.5,1395401
2017-08-02,4494.5,4500.5,4520.5,4465,1232926
2017-08-03,4502,4557,4599.5,4477,760142
2017-08-04,4573.5,4535,4576.5,4507.5,1235896
2017-08-07,4546.5,4529.75,4575,4522,588438
2017-08-08,4543,4563,4589.5,4535.5,792993
2017-08-09,4536.5,4507,4566.5,4503.5,1198365
2017-08-10,4469,4431.5,4479,4422.5,635440
2017-08-11,4430,4385.5,4431.5,4358,500559
2017-08-14,4405,4420,4425.5,4380.5,520288
2017-08-15,4423,4457,4464,4419.75,349175
2017-08-16,4467.5,4466,4496,4443.5,482944
2017-08-17,4471,4481,4525,4466.5,583457
2017-08-18,4469,4449.75,4480.5,4418.5,542309
2017-08-21,4427,4416.5,4435,4388.5,563386
2017-08-22,4443.5,4434,4452.5,4419.5,590279
2017-08-23,4455,4496,4508,4438.5,626136
2017-08-24,4499,4539.5,4564.5,4491.5,785562
2017-08-25,4550,4511,4558,4494.5,643597
2017-08-29,4481.5,4486,4501,4431.5,834580
2017-08-30,4494.5,4454.5,4494.5,4436,626374
2017-08-31,4467.5,4541.5,4563,4455.5,621796
2017-09-01,4533,4588,4597,4517,579569
2017-09-04,4575.75,4581.5,4596.5,4559.25,296489
2017-09-05,4573,4576,4623.5,4568.5,711149
2017-09-06,4587,4579,4609,4531,670228
2017-09-07,4581,4772.5,4783,4581,1286033
2017-09-08,4779,4784,4793.5,4715.5,822672
2017-09-11,4910,4891.5,4943,4866,1899438
2017-09-12,4922,4926,4931.5,4878.5,949050
2017-09-13,4953,4854.5,4961.5,4840.5,1037451
2017-09-14,4830.5,4799,4875.5,4789.5,768702
2017-09-15,4787,4713,4801.5,4706,865186
2017-09-18,4742.5,4713,4748,4694,568225
2017-09-19,4737,4775.5,4783,4704.5,885949
2017-09-20,4771,4751,4786.5,4732,675566
2017-09-21,4779.5,4773.5,4803,4765.5,461380
2017-09-22,4780,4903,4955,4773,1861010
2017-09-25,4923,4937,4957.5,4893.5,983563
2017-09-26,4960,4879.5,4960,4871.5,848176
2017-09-27,4902.5,4882.5,4902.5,4838,623647
2017-09-28,4886,4913.5,4934,4872,680608
2017-09-29,4910,4945.5,4971,4899,678698
2017-10-02,4967.5,5061,5068,4952.5,909355
2017-10-03,5053,5074,5087,5032,431619
2017-10-04,5075,5085,5110,5066,367083
2017-10-05,5090,5098,5108,5081,532248
2017-10-06,5115,5145,5161.5,5098,560277
2017-10-09,5155,5166,5172,5117,641482
2017-10-10,5164,5168,5175,5128,456294
2017-10-11,5168,5151,5182,5123,394405
2017-10-12,5141,5153,5173,5122,363876
2017-10-13,5119.5,5135,5141,5101,363197
2017-10-16,5177,5158,5194,5129,488126
2017-10-17,5132,5172,5194,5130,620171
2017-10-18,5196,5181,5200,5155,386986
2017-10-19,5176,5175,5189,5151,430927
2017-10-20,5185,5163,5197,5160,367898
2017-10-23,5165,5148,5191,5142,338282
2017-10-24,5130,5081,5130,5065,522808
2017-10-25,5095,5070,5125,5061,637745
2017-10-26,5079,5047,5098,5038,464318
2017-10-27,5034,5029,5072,5011,519198
2017-10-30,5017,5019,5045,4977,381768
2017-10-31,5006,5039.5,5076,5001,598488
2017-11-01,5068,5152,5159,5048,871776
2017-11-02,5141,5151,5169,5103,481389
2017-11-03,5152,5176,5180,5135,322734
2017-11-06,5174,5134,5193,5119,533833
2017-11-07,5145,5031,5146,5003,672835
2017-11-08,5029,4992.5,5054,4969.5,845104
2017-11-09,5002,4968.5,5146,4954,961134
2017-11-10,4959.5,4872.5,4979,4862,1089617
2017-11-13,4918.5,4927.5,5003,4918.5,776117
2017-11-14,4933,4959,4971.5,4901,607251
2017-11-15,4976.5,4998,5026,4967,795142
2017-11-16,5010,5012,5028,4981,561919
2017-11-17,4989.5,4974.5,4997,4943,627975
2017-11-20,4973.5,4962,4990,4922,474102
2017-11-21,4954,5039,5046,4941,585966
2017-11-22,4998,5003,5053,4989.5,412528
2017-11-23,4993.5,4997,5038,4985.5,222564
2017-11-24,5001,4983,5001,4958.5,303254
2017-11-27,4986.5,4974,5031,4972.5,353436
2017-11-28,4975,4968.5,5010,4956.5,579000
2017-11-29,4961,4898,4961,4890,895337
2017-11-30,4869.5,4798.5,4883.5,4776.5,901262
2017-12-01,4777.5,4771.5,4840,4733.5,653481
2017-12-04,4807,4743,4821.5,4734.5,588415
2017-12-05,4732,4726.5,4742.5,4700.5,717561
2017-12-06,4716,4725,4754.5,4692.5,523051
2017-12-07,4726.25,4705,4758.25,4699.5,557127
2017-12-08,4687.5,4789.5,4796,4672.5,804092
2017-12-11,4820,4858.5,4869.5,4788.5,664095
2017-12-12,4879,4929,4953,4869,717729
2017-12-13,4910.5,4925.5,4952.5,4898,657482
2017-12-14,4909,4894.5,4945.75,4881.5,472356
2017-12-15,4871.5,4885,4887.5,4846.5,549161
2017-12-18,4895,4910,4928.5,4867,302096
2017-12-19,4911.5,4892.5,4932.5,4865,492753
2017-12-20,4887,4856.5,4937,4853.5,462814
2017-12-21,4855.5,4917.5,4931,4844,546873
2017-12-22,4913.5,4946,4971.5,4897.5,190951
2017-12-27,4951,4943,4996,4941,264279
2017-12-28,4951,5000,5008,4937.5,297036
2017-12-29,5055,5122,5126,5031,357146
2018-01-02,5124,5097,5157,5082,779460
2018-01-03,5112,5164,5178,5096,787394
2018-01-04,5188.5,5176,5213,5132,437829
2018-01-05,5170,5195,5209,5163,349744
2018-01-08,5207,5149,5216,5146,294695
2018-01-09,5164,5170,5186,5141,308350
2018-01-10,5143,5127,5168,5091,462999
2018-01-11,5159,5138,5160,5106,407132
2018-01-12,5151,5133,5160,5104,396142
2018-01-15,5121,5130,5151,5100,254719
2018-01-16,5123,5040,5156,5035,637352
2018-01-17,5028,4989,5062,4979,599946
2018-01-18,4995,4967,5014,4939,423202
2018-01-19,4988.5,5045,5053,4985.5,541824
2018-01-22,5038,5046,5058,5029,443046
2018-01-23,5056,5100,5104,5043,474064
2018-01-24,5101,4987.5,5101,4965,693301
2018-01-25,4958.5,4993.5,5070,4943,654979
2018-01-26,5015,5094,5099,5009.5,449402
2018-01-29,5086,5089,5105,5060,432249
2018-01-30,5077,5017,5105,4972.5,636053
2018-01-31,4984.5,4888,4987.5,4874,676565
2018-02-01,4894,4878,4921.75,4855,873250
2018-02-02,4862,5040,5049,4766,1309374
2018-02-05,4985.5,4887,5020,4885.5,873434
2018-02-06,4690,4741,4826,4557,1230763
2018-02-07,4776,4789,4822,4709,1013769
2018-02-08,4790,4845,4911.5,4767,819514
2018-02-09,4832,4758.5,4844,4748,915118
2018-02-12,4793,4862.5,4867,4777,659035
2018-02-13,4851.75,4827,4861.5,4818.5,589709
2018-02-14,4838,4841.5,4867.5,4780.5,651212
2018-02-15,4725.5,4715.5,4762,4703.5,798057
2018-02-16,4748.5,4742.5,4759,4719.5,678860
2018-02-19,4826,4706,4826,4705,466754
2018-02-20,4738.75,4723.5,4746,4705.5,805657
2018-02-21,4718.75,4813.5,4815,4699.5,861986
2018-02-22,4796,4777.5,4815.5,4770,597827
2018-02-23,4775,4750,4788.5,4710,338682
2018-02-26,4768,4817,4821,4746,607081
2018-02-27,4818,4796.5,4838.5,4786.75,383326
2018-02-28,4792,4784,4843.5,4777,537078
2018-03-01,4772.5,4752.5,4785,4739.5,638221
2018-03-02,4723.5,4747.5,4756,4716.5,767238
2018-03-05,4735,4796,4807,4717,449343
2018-03-06,4831,4800.5,4861,4796.5,604788
2018-03-07,4767,4753.5,4786,4747.5,479410
2018-03-08,4760.5,4820.5,4830,4760.5,459311
2018-03-09,4811.5,4772,4825.75,4769.5,494312
2018-03-12,4788,4794,4836,4779,391037
2018-03-13,4793,4782,4812,4763.5,608774
2018-03-14,4776.5,4765,4803,4750.5,438637
2018-03-15,4751.5,4807,4819.5,4750.5,549608
2018-03-16,4788,4865,4886.5,4783,558607
2018-03-19,4909,4850.5,4924,4844.5,735015
2018-03-20,4864.5,4888.5,4890.5,4843,534297
2018-03-21,4875,4860,4884.5,4844,611659
2018-03-22,4816,4829,4835,4793.5,547686
2018-03-23,4804.5,4791,4820,4756.5,489503
2018-03-26,4804,4760,4853,4746.5,558595
2018-03-27,4837.5,4853.5,4900,4835.5,371775
2018-03-28,4810,4945.5,4958.5,4775,804561
2018-03-29,4951.5,4910.5,4954,4871.5,664866
2018-04-03,4845,4937.5,4950,4830,728535
2018-04-04,4921.5,4863.5,4952,4850,577767
2018-04-05,4935.5,5012,5012,4900,482966
2018-04-06,4976.5,4977,5010,4967,468350
2018-04-09,5006,4990.5,5019,4960.5,296696
2018-04-10,5034,5083,5099,5007,614801
2018-04-11,5106,5062,5125,5040,379471
2018-04-12,5076,5045,5079,5027,364178
2018-04-13,5040,5015,5044,5000,343935
2018-04-16,5019,4911.5,5021,4874.5,508387
2018-04-17,4915.5,4931,4935,4876.5,408297
2018-04-18,4931,4969.5,4984,4930,318107
2018-04-19,4969,4953,5015,4938,415994
2018-04-20,4970.5,4975,4986.5,4959.5,308416
2018-04-23,4977.5,5016,5029,4972.5,421797
2018-04-24,4950,4983.5,5030,4950,509302
2018-04-25,4976,4992,5052,4929,526432
2018-04-26,5009,4994,5025,4973,422843
2018-04-27,4993.5,5089,5091,4982.5,447623
2018-04-30,5079,5109,5141,5079,310304
2018-05-01,5119,5230,5230,5119,518565
2018-05-02,5221,5201,5242,5154,432790
2018-05-03,5199,5192,5230,5174,309545
2018-05-04,5221,5210,5242,5168,386056
2018-05-08,5217,5244,5249,5196,527032
2018-05-09,5212,5253,5253,5161,692425
2018-05-10,5269,5262,5298,5223,297199
2018-05-11,5225,5278,5287,5205,304437
2018-05-14,5292,5290,5321,5264,350936
2018-05-15,5286,5295,5303,5266,550002
2018-05-16,5293,5334,5342,5286,356144
2018-05-17,5304,5347,5369,5304,538656
2018-05-18,5206,5233,5265,5166,875056
2018-05-21,5317,5421,5437,5310,727664
2018-05-22,5414,5475,5481,5414,675189
2018-05-23,5450,5446,5501,5418,604630
2018-05-24,5460,5445,5471,5433,601425
2018-05-25,5461,5488,5488,5435,487988
2018-05-29,5461,5410,5461,5395,560801
2018-05-30,5400,5446,5458,5400,332807
2018-05-31,5480,5465,5507,5433,520042
2018-06-01,5499,5423,5521,5397,693190
2018-06-04,5442,5423,5483,5416,341601
2018-06-05,5423,5376,5434,5371,387552
2018-06-06,5391,5370,5409,5352,429797
2018-06-07,5384,5351,5414,5325,543442
2018-06-08,5325,5349,5383,5315,360334
2018-06-11,5364,5379,5387,5336,336354
2018-06-12,5361,5339,5364,5313,348208
2018-06-13,5338,5366,5384,5318,353763
2018-06-14,5320,5463,5468,5301,542116
2018-06-15,5417,5405,5455,5397,477303
2018-06-18,5399,5383,5410,5359,377899
2018-06-19,5336,5358,5376,5316,455486
2018-06-20,5390,5397,5421,5363,489229
2018-06-21,5410,5260,5440,5246,575946
2018-06-22,5233,5227,5233,5193,584386
2018-06-25,5244,5203,5276,5190,419698
2018-06-26,5231,5216,5263,5208,322699
2018-06-27,5210,5242,5248,5160,567147
2018-06-28,5225,5221,5238,5180,297980
2018-06-29,5278,5271,5296,5260,256745
2018-07-02,5221,5192,5227,5185,265309
2018-07-03,5205,5200,5236,5196,407893
2018-07-04,5189,5174,5199,5170,162883
2018-07-05,5174,5175,5182,5110,421559
2018-07-06,5192,5198,5203,5167,376199
2018-07-09,5215,5256,5259,5202,255459
2018-07-10,5261,5288,5312,5255,271871
2018-07-11,5260,5256,5269,5240,412240
2018-07-12,5292,5443,5470,5289,885191
2018-07-13,5499,5511,5536,5482,614971
2018-07-16,5518,5470,5535,5424,445722
2018-07-17,5459,5551,5559,5456,501290
2018-07-18,5588,5615,5658,5580,460408
2018-07-19,5604,5615,5665,5592,386945
2018-07-20,5602,5591,5641,5541,465726
2018-07-23,5573,5585,5599,5538,317888
2018-07-24,5558,5608,5627,5542,342688
2018-07-25,5571,5558,5589,5527,551536
2018-07-26,5594,5797,5807,5554,937633
2018-07-27,5736,5737,5796,5695,675566
2018-07-30,5717,5753,5775,5702,402008
2018-07-31,5779,5870,5887,5751,629831
2018-08-01,5873,5812,5892,5764,737171
2018-08-02,5785,5805,5810,5727,583594
2018-08-03,5824,5854,5857,5784,541687
2018-08-06,5826,5822,5832,5766,692702
2018-08-07,5853,5947,5983,5831,613225
2018-08-08,5898,5966,5981,5870,387645
2018-08-09,5951,6067,6109,5944,746489
2018-08-10,6058,6115,6122,6038,540524
2018-08-13,6066,6060,6077,6014,350210
2018-08-14,6065,6033,6065,5984,649498
2018-08-15,6046,5921,6061,5919,566237
2018-08-16,5930,5931,5954,5895,621747
2018-08-17,5909,5926,5953,5908,423995
2018-08-20,5906,5980,5999,5896,536847
2018-08-21,5978,5958,6008,5936,395842
2018-08-22,5923,5935,5955,5899,453284
2018-08-23,5916,5888,5953,5885,403813
2018-08-24,5875,5885,5910,5869,457375
2018-08-28,5916,5908,5922,5861,378686
2018-08-29,5910,5881,5942,5869,350895
2018-08-30,5870,5906,5914,5842,308698
2018-08-31,5900,5793,5908,5788,508283
2018-09-03,5822,5878,5902,5815,339719
2018-09-04,5893,5801,5929,5792,418162
2018-09-05,5798,5707,5812,5694,507140
2018-09-06,5689,5625,5689,5625,286221
2018-09-07,5650,5646,5664,5595,376746
2018-09-10,5675,5706,5746,5663,466598
2018-09-11,5712,5730,5760,5699,392355
2018-09-12,5750,5715,5781,5710,351550
2018-09-13,5715,5618,5727,5616,451932
2018-09-14,5643,5642,5676,5581,412019
2018-09-17,5629,5620,5629,5573,301422
2018-09-18,5614,5599,5614,5557,366094
2018-09-19,5609,5596,5635,5565,429966
2018-09-20,5589,5578,5602,5536,426851
2018-09-21,5597,5661,5689,5404,549016
2018-09-24,5668,5666,5687,5633,218676
2018-09-25,5688,5789,5790,5660,409223
2018-09-26,5797,5843,5893,5790,571877
2018-09-27,5832,5960,5960,5816,384315
2018-09-28,5957,5969,6001,5945,500538
2018-10-01,5967,5999,6001,5931,381617
2018-10-02,5957,6002,6012,5946,422576
2018-10-03,6019,6079,6082,6013,371597
2018-10-04,6076,6005,6086,5961,582494
2018-10-05,5975,5888,5975,5834,397990
2018-10-08,5870,5768,5897,5765,374366
2018-10-09,5767.5,5729,5768,5645,565491
2018-10-10,5722,5715,5753,5692,603250
2018-10-11,5657,5620,5685,5562,958661
2018-10-12,5662,5551,5665,5541,836116
2018-10-15,5531,5618,5634,5526,535591
2018-10-16,5655,5763,5773,5627,627814
2018-10-17,5829,5852,5926,5806,671004
2018-10-18,5867,5873,5913,5846,586658
2018-10-19,5896,5945,5956,5866,636188
2018-10-22,5952,5973,6025,5921,690201
2018-10-23,5931,5948,6004,5918,901765
2018-10-24,5951,5942,6062,5920,730354
2018-10-25,5824,5813,5841,5615,1191797
2018-10-26,5769,5729,5786,5670,608318
2018-10-29,5794,5868,5941,5779,645731
2018-10-30,5900,5953,5958,5869,399757
2018-10-31,6018,6002,6096,5958,697213
2018-11-01,5929,5795,5929,5788,823367
2018-11-02,5855,5727,5882,5720,606859
2018-11-05,5752,5896,5896,5745,667019
2018-11-06,5863,5749,5881,5737,923441
2018-11-07,5756,5851,5869,5756,562351
2018-11-08,5984,6102,6195,5900,872772
2018-11-09,6118,6178,6216,6073,824074
2018-11-12,6251,6258,6330,6240,1005544
2018-11-13,6285,6308,6334,6261,995602
2018-11-14,6297,6276,6353,6259,953747
2018-11-15,6282,6312,6433,6269,1021750
2018-11-16,6191,6207,6261,6080,1303615
2018-11-19,6202,6154,6256,6132,673782
2018-11-20,6212,6246,6318,6185,1004092
2018-11-21,6236,6205,6284,6162,540567
2018-11-22,6171,6076,6216,6039,438174
2018-11-23,6078,6203,6208,6044,517455
2018-11-26,6241,6143,6255,6133,511864
2018-11-27,6147,6107,6182,6057,704004
2018-11-28,6145,6123,6164,6080,796280
2018-11-29,6155,6158,6200,6104,572631
2018-11-30,6173,6138,6209,6133,671290
2018-12-03,6193,6169,6198,6126,860232
2018-12-04,6157,6213,6218,6091,763442
2018-12-05,6172,6058,6201,6055,498740
2018-12-06,6019,5923,6047,5918,849617
2018-12-07,5916,5923,6012,5891,736584
2018-12-10,5938,5999,6116,5925,957966
2018-12-11,6006,6135,6164,6003,735981
2018-12-12,6150,6099,6153,6068,805721
2018-12-13,6094,6106,6155.5,6050,461900
2018-12-14,6069,6102,6157,6069,414441
2018-12-17,6127,6047,6172,6042,512622
2018-12-18,6038,5985,6045,5966,519128
2018-12-19,6000,5979,6036,5930,694808
2018-12-20,5915,5973,6088,5858,884776
2018-12-21,5977,5918,6016,5859,824548
2018-12-24,5883,5949,5970,5883,81089
2018-12-27,5859,5720,5900,5691,773123
2018-12-28,5772.5,5846,5878,5752,463543
2018-12-31,5882,5860,5885,5830,66266
2019-01-02,5844,5898,5923,5743,433120
2019-01-03,5874,6026,6070,5841,841686
2019-01-04,6028,6085,6088,5945,581245
2019-01-07,6081,6009,6082,5984,688208
2019-01-08,5977,5914,6002,5908,890488
2019-01-09,5929,5926,5961,5836,855996
2019-01-10,5838,5897.5,5923,5829,631378
2019-01-11,5890,5726,5911,5724,922948
2019-01-14,5630,5503,5670,5478,1076707
2019-01-15,5492,5552,5575,5480,933490
2019-01-16,5553,5484,5575,5466,884543
2019-01-17,5464,5506,5546,5450,502170
2019-01-18,5523,5577,5628,5504,972195
2019-01-21,5580,5638,5662,5563,513323
2019-01-22,5627,5549,5659,5535,656867
2019-01-23,5550,5573,5618,5510,815582
2019-01-24,5571,5484,5576,5470,1102343
2019-01-25,5432,5369,5490,5357,1026347
2019-01-28,5333,5328,5392,5313,913162
2019-01-29,5344,5360,5421,5322,788598
2019-01-30,5367,5455,5476,5366,716029
2019-01-31,5487,5527,5557,5474,897600
2019-02-01,5544,5580,5598,5532,648278
2019-02-04,5575,5562,5624,5542,440182
2019-02-05,5589,5705,5719,5554,619775
2019-02-06,5674,5683,5692,5636,369037
2019-02-07,5678,5652,5752,5643,476994
2019-02-08,5651,5694,5715,5645,376477
2019-02-11,5685,5685,5708,5647,491181
2019-02-12,5701,5735,5758,5687,546665
2019-02-13,5727,5704,5740,5663,473338
2019-02-14,5876,6172,6191,5859,1551009
2019-02-15,6149,6231,6251,6123,843326
2019-02-18,6239,6155,6265,6155,524865
2019-02-19,6167,6093,6167,6062,804146
2019-02-20,6112,6157,6176,6073,634075
2019-02-21,6130,6087,6164,6070,564951
2019-02-22,6108,6174,6197,6085,573601
2019-02-25,6198,6285,6303,6156,694958
2019-02-26,6265,6270,6283,6153,736282
2019-02-27,6270,6275,6277,6205,482540
2019-02-28,6184,6154,6193,6107,635431
2019-03-01,6218,6184,6226,6146,448697
2019-03-04,6207,6207.5,6248,6137,583176
2019-03-05,6228,6299,6310,6207,575432
2019-03-06,6327.5,6307,6361,6290,603639
2019-03-07,6285,6241,6305,6215,752038
2019-03-08,6261,6280,6292,6222,524741
2019-03-11,6310,6311,6371,6281,498217
2019-03-12,6280,6292,6318,6204,655539
2019-03-13,6260,6274,6318,6260,441086
2019-03-14,6319,6304,6327,6261,513645
2019-03-15,6319,6281,6327,6254,689604
2019-03-18,6291,6350,6364,6291,359510
2019-03-19,6340,6361,6406,6340,469152
2019-03-20,6380,6412,6467,6373,486047
2019-03-21,6422,6529,6539,6422,418045
2019-03-22,6467,6355,6467,6335,446639
2019-03-25,6342,6376,6381,6323,359703
2019-03-26,6371,6423,6444,6344,382481
2019-03-27,6430,6338,6435,6314,505999
2019-03-28,6363,6498,6524,6362.5,482495
2019-03-29,6210,6126,6283,6030,3553914
2019-04-01,6152,6186,6302,6144,1557783
2019-04-02,6067,6256,6276,6041,1277379
2019-04-03,6248,6165,6263,6114.5,1400309
2019-04-04,6103,6117,6172,6092,822153
2019-04-05,6095,6157,6158,6064,625238
2019-04-08,6161,6176,6197,6141,497598
2019-04-09,6148,6159,6196,6119,501617
2019-04-10,6142,6135,6175,6117,473177
2019-04-11,6130,6022,6130,5995,719826
2019-04-12,6022,5982,6060,5936,749611
2019-04-15,5969,5980,5986,5929,458821
2019-04-16,5986,6015,6061,5986,550306
2019-04-17,5975,5910,5977.5,5878,962991
2019-04-18,5868,5812,5897,5806,595441
2019-04-23,5869,5914,5931,5837,926050
2019-04-24,5916,5892,5962,5867,588585
2019-04-25,5930,5893,5938,5859,814155
2019-04-26,6017,5777,6035,5734,1654484
2019-04-29,5817,5838,5908,5801,622738
2019-04-30,5820,5724,5859,5719,631133
2019-05-01,5716,5644,5731,5626,474646
2019-05-02,5698,5692,5736,5637,1226242
2019-05-03,5697,5738,5816,5695,632114
2019-05-07,5765,5747,5839,5747,862858
2019-05-08,5758,5843,5868,5754,889465
2019-05-09,5818,5826,5919,5805,1061322
2019-05-10,5793,5694,5814,5673,774152
2019-05-13,5681,5675,5707,5643,468048
2019-05-14,5707,5788,5830.5,5700,907597
2019-05-15,5806,5820,5837,5764,397311
2019-05-16,5821,5880,5881,5771,371679
2019-05-17,5873,5873,5906,5830.5,310075
2019-05-20,5881,5820,5897.5,5793,393000
2019-05-21,5853,5845,5884,5811,478708
2019-05-22,5896,5938,5950,5855,443331
2019-05-23,5986,6023,6063.5,5985,630495
2019-05-24,6024,6089,6102,5981,536030
2019-05-28,6052,5940,6068,5940,543476
2019-05-29,5905,5870,5929,5854,334037
2019-05-30,5836,5873.5,5909,5826,343156
2019-05-31,5864,5825,5885,5795,357246
2019-06-03,5795,5939,5948,5739,667157
2019-06-04,5934,5987.5,6005,5899,624543
2019-06-05,5990,5962,6013,5937,353817
2019-06-06,5973,6060,6075,5973,319545
2019-06-07,6020,6028,6089,6019,284571
2019-06-10,6056,6105,6122,6041,220618
2019-06-11,6138,6142,6213,6138,469661
2019-06-12,6105,6199,6202,6096,430747
2019-06-13,6194,6196,6230,6158,402679
2019-06-14,6189,6220,6247,6175,373123
2019-06-17,6207,6257,6257,6163,260449
2019-06-18,6285,6416,6429,6267,653525
2019-06-19,6449,6445,6477,6366,377265
2019-06-20,6486,6493,6545,6440,331960
2019-06-21,6484,6316,6497,6313,399631
2019-06-24,6398,6443,6452,6370,251046
2019-06-25,6404.5,6449,6477,6390,273814
2019-06-26,6434,6367,6441,6334,292235
2019-06-27,6405,6394,6423,6339,337998
2019-06-28,6377,6444,6458,6369,305330
2019-07-01,6457,6473,6514,6437,393258
2019-07-02,6480,6541,6548,6458,387015
2019-07-03,6543,6599,6632,6526,225249
2019-07-04,6605,6582,6605,6548,219974
2019-07-05,6580,6521,6609,6508,275729
2019-07-08,6457,6443,6468,6417,379075
2019-07-09,6435,6470,6483,6429,379818
2019-07-10,6460,6503,6549,6413,170352
2019-07-11,6504,6387,6511,6337,450233
2019-07-12,6386,6310,6389,6292,684952
2019-07-15,6311,6353,6375,6295,306002
2019-07-16,6369,6409.5,6434,6360,329902
2019-07-17,6404,6430,6452,6391,221910
2019-07-18,6423,6405,6451,6366,416524
2019-07-19,6424,6377.5,6454,6359,503547
2019-07-22,6346,6368,6432,6326,495802
2019-07-23,6401,6464,6511,6401,479962
2019-07-24,6464,6370,6467,6318,457203
2019-07-25,6621.5,6873,6895,6607,1069219
2019-07-26,6836,6907,6919,6770,434962
2019-07-29,6957,7202,7228,6957,766887
2019-07-30,7180,7125.5,7247,7111,378679
2019-07-31,7118,7070,7140,6969,405995
2019-08-01,7046,7187,7202,7025,269881
2019-08-02,7117,7242,7270,7117,922951
2019-08-05,7170,7122,7217,7074,556911
2019-08-06,7092,7072,7162,7057,457364
2019-08-07,7086,7104,7155,7073,512827
2019-08-08,7156,7217,7217,7106.5,623141
2019-08-09,7216,7324,7456,7204,621689
2019-08-12,7350,7331,7396,7311,277764
2019-08-13,7320,7345,7390,7297,400501
2019-08-14,7404,7241,7475,7239,455571
2019-08-15,7245,7210,7311,7166,509824
2019-08-16,7174,7246,7316,7174,383095
2019-08-19,7271,7295,7353,7261,276706
2019-08-20,7317,7279,7431,7273,611506
2019-08-21,7227,7421,7435,7190,359449
2019-08-22,7421,7327,7479,7303,484020
2019-08-23,7359,7314,7404,7306,315714
2019-08-27,7271,7230,7295,7152,469083
2019-08-28,7246,7270,7353,7213,430956
2019-08-29,7257,7369,7400,7251,384867
2019-08-30,7405,7296,7411,7289,293888
2019-09-02,7398,7544,7583,7348,269762
2019-09-03,7527,7410,7536,7393,327444
2019-09-04,7471,7381,7474,7353,252042
2019-09-05,7384,7174,7391,7157.5,663520
2019-09-06,7174,7239,7279,7152,374137
2019-09-09,7274,6980,7312,6964,406405
2019-09-10,6980,6862,6980,6756,873697
2019-09-11,6977,6911,7003,6866,623482
2019-09-12,6955,6907,6982,6861,602003
2019-09-13,6907,6859,6909,6804,442774
2019-09-16,6848,6815,6906,6804,315552
2019-09-17,6824,6878,6951.5,6793,419238
2019-09-18,6867,6939,6942,6825,343009
2019-09-19,6932,7120,7136,6916.5,478857
2019-09-20,7087,7168,7242,7075,505333
2019-09-23,7257,7172,7277,7167,365227
2019-09-24,7180,7265,7324,7154.5,453933
2019-09-25,7221,7293,7311,7206,377845
2019-09-26,7317,7397,7465,7289,365425
2019-09-27,7384,7381,7437,7309,396937
2019-09-30,7353,7268,7370,7161,355367
2019-10-01,7241,7126,7263,7098,515219
2019-10-02,7082.5,6883,7100,6836,460648
2019-10-03,6887,6936,6952,6865,499260
2019-10-04,6961,6995,7056,6960,336532
2019-10-07,7003,7047,7071,6971,342462
2019-10-08,7057,7019,7103,7014,410604
2019-10-09,6992,7082,7113,6987,219778
2019-10-10,7069,7059,7114,6992,343710
2019-10-11,6977,6892,7012,6808,766252
2019-10-14,6912,6991,7000,6906,294008
2019-10-15,6943,6894,6986,6861,410359
2019-10-16,6909,6815,7026.5,6769,445217
2019-10-17,6858,6827,6914,6755,466498
2019-10-18,6818,6787,6855,6764,349310
2019-10-21,6780,6719,6780,6670,341308
2019-10-22,6734,6800,6857,6704,252647
2019-10-23,6796.5,6901,6902,6783.5,525907
2019-10-24,6989,7311,7347,6962.5,600418
2019-10-25,7447,7373,7447,7293,325489
2019-10-28,7378,7438,7622,7200,586974
2019-10-29,7388,7386,7448,7312,345563
2019-10-30,7348,7574,7578,7348,327864
2019-10-31,7614,7528,7646,7411,445754
2019-11-01,7537,7452,7598,7427,359174
2019-11-04,7507,7465,7550,7425,295581
2019-11-05,7469,7348,7489,7296,335616
2019-11-06,7319,7333,7347,7255,433459
2019-11-07,7364,7270,7389,7267,265593
2019-11-08,7263,7267,7323,7235,294128
2019-11-11,7310,7238,7356,7160,304215
2019-11-12,7225,7285,7325,7222,203783
2019-11-13,7260,7395,7427,7256,332742
2019-11-14,7423,7321,7478,7293,224735
2019-11-15,7373,7259,7374,7195,326200
2019-11-18,7321,7356,7387,7239,327966
2019-11-19,7357,7317,7428,7312,253410
2019-11-20,7309,7253,7367,7229,226421
2019-11-21,7220,7347,7378,7157,397452
2019-11-22,7350,7441,7541,7350,320429
2019-11-25,7491,7522,7563,7382,285984
2019-11-26,7542,7552,7567,7483,245802
2019-11-27,7577,7532,7612,7491,276753
2019-11-28,7478,7491,7519,7442,119431
2019-11-29,7472,7473,7528,7441,231157
2019-12-02,7469,7409,7525,7392,416987
2019-12-03,7408,7332,7408,7272,333169
2019-12-04,7318,7317,7320,7213,346679
2019-12-05,7331,7234,7352,7221,304539
2019-12-06,7253,7261,7277,7208,211432
2019-12-09,7263,7210,7274,7195,228367
2019-12-10,7225,7241,7244,7128,329879
2019-12-11,7293,7307,7342,7274,418796
2019-12-12,7315,7290,7380,7257,255902
2019-12-13,7105,7229,7300,7015,523431
2019-12-16,7241,7408,7458,7232,231650
2019-12-17,7438,7441,7533,7410,317707
2019-12-18,7511,7482,7515,7450,275114
2019-12-19,7486,7620,7622,7486,311724
2019-12-20,7635,7794,7800,7616,534614
2019-12-23,7769,7748,7826,7724,239945
2019-12-24,7747,7716,7753,7632,58290
2019-12-27,7701,7730,7782,7679,182320
2019-12-30,7733,7675,7767,7662,216731
2019-12-31,7575,7602,7604,7535,54552
2020-01-02,7593,7652,7669,7574,533631
2020-01-03,7611,7672,7689,7580,351310
2020-01-06,7646,7597,7678,7548,193822
2020-01-07,7612,7633,7664,7564,305626
2020-01-08,7598,7615,7668,7579,291120
2020-01-09,7656,7675,7716,7640.5,222841
2020-01-10,7688,7638,7717,7608,313834
2020-01-13,7639,7641,7687,7592,229185
2020-01-14,7656,7703,7703,7583,221717
2020-01-15,7707,7824,7830,7707,277568
2020-01-16,7802,7696,7827,7691,358653
2020-01-17,7733,7893,7949,7694,346759
2020-01-20,7926,7826,7937,7820,128250
2020-01-21,7788,7805,7809,7649,392923
2020-01-22,7806,7687,7859,7687,254343
2020-01-23,7676,7635,7711,7622,280299
2020-01-24,7648,7664,7775,7646,403958
2020-01-27,7609,7489.5,7609,7452,433469
2020-01-28,7526,7647,7651,7511,292444
2020-01-29,7648,7706,7721,7626,321862
2020-01-30,7618,7505,7684,7479,376730
2020-01-31,7512,7400,7512,7398.5,265763
2020-02-03,7436,7473,7520,7416,316693
2020-02-04,7523,7525,7574,7482,275635
2020-02-05,7500,7654,7667,7484,466416
2020-02-06,7674,7742,7752,7592,255846
2020-02-07,7734,7692,7751,7644,338648
2020-02-10,7646,7700,7706,7611,297465
2020-02-11,7757,7710,7803,7678,272437
2020-02-12,7720,7633,7720,7594,259707
2020-02-13,7623,7574,7626,7476,511558
2020-02-14,7387,7294,7668,7151,974801
2020-02-17,7350,7404,7412,7276,322161
2020-02-18,7364,7508,7564,7344,468744
2020-02-19,7559,7620,7712,7548,469353
2020-02-20,7648,7595,7655,7553,297439
2020-02-21,7578,7685,7773,7543,396246
2020-02-24,7612,7426,7672,7426,459157
2020-02-25,7419,7304,7452,7291,351889
2020-02-26,7266,7417,7431,7143,383680
2020-02-27,7188,7152,7320,7103,588964
2020-02-28,6967,6779,7057,6690,1164878
2020-03-02,7000,7022,7088,6828,521527
2020-03-03,7119,7141,7270,7065.5,624322
2020-03-04,7248,7446,7446,7175,486520
2020-03-05,7482,7505,7528,7328,572358
2020-03-06,7382,7254,7592,7168,922597
2020-03-09,6886,7031,7122,6798,1025154
2020-03-10,7112,6963,7116,6914,886693
2020-03-11,7106,6933,7199,6930,558025
2020-03-12,6703,6367,6747,6319,869789
2020-03-13,6504.5,6263,6801,6187,1411396
2020-03-16,6076.5,6196,6312,5868,929302
2020-03-17,6456,6732,6842,6322,1603969
2020-03-18,6509,6708,6748,6360,989032
2020-03-19,6614,6912,6952,6484,705659
2020-03-20,7143.5,6930,7279,6847,958765
2020-03-23,6685,6672,7049,6585,586995
2020-03-24,6939,6807,7119,6678,651026
2020-03-25,7081,6851,7095,6640,880609
2020-03-26,6701,6899,6908,6638,705308
2020-03-27,6747,6775,6838,6598,431388
2020-03-30,6873,7058,7098,6719,453435
2020-03-31,7204,7169,7233,6962,507675
2020-04-01,7050,7048,7127,6920,528476
2020-04-02,7130,6982,7130,6874,568912
2020-04-03,7037,7104,7145,6994,325697
2020-04-06,7220,7203,7294,7041,457502
2020-04-07,7274,6984,7322,6925,552209
2020-04-08,7030,6938,7064,6867,355245
2020-04-09,7045,7125,7125,6916,420279
2020-04-14,7487.5,7605,7640,7468,661033
2020-04-15,7622,7621,7799,7587,431605
2020-04-16,7678,7820,7836,7534,346668
2020-04-17,7925,7921,8026,7855,266143
2020-04-20,7961,8090,8092,7940,356141
2020-04-21,8079,8139,8188,8075,289326
2020-04-22,8162,8156,8226,8124.5,287061
2020-04-23,8146,8174,8190,8028,214425
2020-04-24,8163,8178,8231,8108,230679
2020-04-27,8215,8288,8320,8206,231513
2020-04-28,8294,8183,8387,8154,368932
2020-04-29,8303,8202,8388,8193,376766
2020-04-30,8226,8317,8635,8226,806282
2020-05-01,8211,8215,8304,8140,243182
2020-05-04,8279,8342,8420,8255,334164
2020-05-05,8441.5,8515,8539,8348,306750
2020-05-06,8602,8820,8832,8579,331517
2020-05-07,8797,8603,8849,8531,413603
2020-05-11,8568,8682,8717,8523,223654
2020-05-12,8690,8866,8871,8674,203187
2020-05-13,8819,8987,9056,8778,238876
2020-05-14,8964,8761,9020,8707,294082
2020-05-15,8743,8659,8793,8536,284592
2020-05-18,8859,8808,8894,8731,454889
2020-05-19,8834,8680,8845,8673,262941
2020-05-20,8726,8870,8881,8700,293421
2020-05-21,8840,8974,9328,8752,505756
2020-05-22,8901,8992,9013,8809,357093
2020-05-26,9055,8684,9107,8643,325766
2020-05-27,8672,8347,8732,8256,586483
2020-05-28,8494,8701,8722,8486,394609
2020-05-29,8838,8681,8989,8676,401376
2020-06-01,8784,8687,8786,8592,413324
2020-06-02,8750,8562,8750,8544,355863
2020-06-03,8603,8607,8653,8532,362936
2020-06-04,8619,8552,8810,8534,400712
2020-06-05,8542,8457,8570,8388,324011
2020-06-08,8322,8216,8401,8124,912443
2020-06-09,8170,8239,8429,8123,322871
2020-06-10,8242,8368,8436.5,8172,281682
2020-06-11,8319,8254,8471,8250,407158
2020-06-12,8212,8146,8278,8102,377192
2020-06-15,8158,8284,8414,8116,335371
2020-06-16,8353,8491,8545,8307,591266
2020-06-17,8552,8595,8616,8514,472212
2020-06-18,8591,8398,8600,8372,236428
2020-06-19,8423,8455,8477,8409,288413
2020-06-22,8492,8470,8613,8462,208281
2020-06-23,8503,8539,8539,8383,515609
2020-06-24,8546,8330,8554,8322,376379
2020-06-25,8340,8458,8471,8314,372523
2020-06-26,8421,8490,8582,8421,333436
2020-06-29,8518,8584,8615,8490,272343
2020-06-30,8519,8425,8558,8381,257254
2020-07-01,8421,8450,8472,8348,204588
2020-07-02,8516,8588,8588,8441,206674
2020-07-03,8603,8448,8646,8441,90233
2020-07-06,8553,8650,8666,8497,227741
2020-07-07,8589,8536,8603,8451,176078
2020-07-08,8520,8570,8594,8481,320485
2020-07-09,8600,8471,8631,8460,238340
2020-07-10,8436,8492,8646,8414,243800
2020-07-13,8547,8582,8588,8438,267145
2020-07-14,8482,8541,8616,8411,333724
2020-07-15,8616,9009,9037,8540,549734
2020-07-16,9197,8864,9197,8864,665767
2020-07-17,9030,9193,9257,8921,520014
2020-07-20,9628,9299,10120,9009,1545711
2020-07-21,9343,9026,9389,8971,577303
2020-07-22,9031,8817,9031,8753,311190
2020-07-23,8838,8737,8876,8721,266097
2020-07-24,8598,8633,8666,8464,299364
2020-07-27,8654,8629,8704,8584,232185
2020-07-28,8682,8713,8742,8634,338890
2020-07-29,8689,8634,8733,8580,324510
2020-07-30,8733,8744,8923,8624,454603
2020-07-31,8786,8534,8815,8499,483713
